{
  "primaryMenu": [
    {
      "label": "Service Areas",
      "href": "/service-areas",
      "children": [
        { "label": "Santa Monica", "href": "/service-areas/santa-monica" },
        { "label": "Venice", "href": "/service-areas/venice" },
        { "label": "Torrance", "href": "/service-areas/torrance" },
        { "label": "Silver Lake", "href": "/service-areas/silver-lake" },
        { "label": "Altadena", "href": "/service-areas/altadena" },
        { "label": "Santa Clarita", "href": "/service-areas/santa-clarita" },
        { "label": "Pasadena", "href": "/service-areas/pasadena" },
        { "label": "Culver City", "href": "/service-areas/culver-city" },
        { "label": "Long Beach", "href": "/service-areas/long-beach" },
        { "label": "Hollywood", "href": "/service-areas/hollywood" },
        { "label": "Highland Park", "href": "/service-areas/highland-park" },
        { "label": "Inglewood", "href": "/service-areas/inglewood" },
        { "label": "Glendale", "href": "/service-areas/glendale" },
        { "label": "Burbank", "href": "/service-areas/burbank" },
        { "label": "Boyle Heights", "href": "/service-areas/boyle-heights" },
        { "label": "Beverly Hills", "href": "/service-areas/beverly-hills" },
        { "label": "Los Feliz", "href": "/service-areas/los-feliz" },
        { "label": "Sherman Oaks", "href": "/service-areas/sherman-oaks" },
        { "label": "Atwater Village", "href": "/service-areas/atwater-village" },
        { "label": "West Hollywood", "href": "/service-areas/west-hollywood" }
      ]
    },
    {
      "label": "About Us",
      "href": "/about-us"
    },
    {
      "label": "Contact Us",
      "href": "/contact-us"
    },
    {
      "label": "Industry Insights",
      "href": "/category/industry-insights"
    },
    {
      "label": "Services",
      "href": "/service-areas/#statewide-services",
      "children": [
        { "label": "Commercial EV", "href": "/commercial-electric-vehicle-chargers" },
        { "label": "Residential EV", "href": "/residential-ev-charger" },
        { "label": "Facilities Maintenance", "href": "/statewide-facilities-maintenance" },
        { "label": "LED Retrofit", "href": "/led-retrofit-services" },
        { "label": "Load Studies", "href": "/electrical-load-studies" }
      ]
    }
  ],
  "phone": "323-642-8509"
}
